{"stat.crouchOneCm":679,"stat.useItem.minecraft.acacia_door":1,"achievement.exploreAllBiomes":{"value":0,"progress":["Plains"]},"stat.useItem.minecraft.stone_button":12,"stat.useItem.minecraft.log":13,"stat.useItem.minecraft.leaves":12,"stat.useItem.minecraft.spruce_door":1,"stat.useItem.minecraft.quartz_block":274,"stat.useItem.minecraft.wooden_door":20,"stat.useItem.minecraft.stained_glass":11,"achievement.openInventory":1337,"stat.useItem.minecraft.red_sandstone":3,"stat.damageDealt":150,"stat.useItem.minecraft.fence":4,"stat.killEntity.Bat":2,"stat.useItem.minecraft.quartz_stairs":39,"stat.useItem.minecraft.stained_hardened_clay":334,"stat.flyOneCm":24492677,"stat.useItem.minecraft.double_plant":45,"stat.useItem.minecraft.stone":39,"stat.climbOneCm":7794,"stat.useItem.minecraft.jungle_door":1,"stat.drop":96,"stat.useItem.minecraft.birch_door":2,"stat.useItem.minecraft.flower_pot":1,"stat.useItem.minecraft.torch":4,"stat.timeSinceDeath":157250,"stat.useItem.minecraft.stone_pressure_plate":3,"stat.leaveGame":10,"stat.diveOneCm":7246,"achievement.mineWood":1,"stat.useItem.minecraft.crafting_table":1,"stat.craftItem.minecraft.banner":5,"stat.playOneMinute":4225329,"stat.useItem.minecraft.painting":28,"stat.useItem.minecraft.leaves2":5,"stat.useItem.minecraft.tripwire_hook":3,"stat.useItem.minecraft.stone_slab":38,"stat.useItem.minecraft.wooden_slab":16,"stat.swimOneCm":10673,"stat.useItem.minecraft.dark_oak_door":1,"stat.mobKills":2,"stat.walkOneCm":14271251,"stat.useItem.minecraft.birch_stairs":84,"stat.useItem.minecraft.iron_door":21,"stat.useItem.minecraft.carpet":331,"stat.jump":9059,"stat.useItem.minecraft.armor_stand":4,"stat.useItem.minecraft.cauldron":6,"stat.useItem.minecraft.beacon":18,"stat.useItem.minecraft.banner":55,"stat.sprintOneCm":2283,"stat.useItem.minecraft.dirt":1}