{"stat.useItem.6":9,"stat.useItem.18":251,"stat.useItem.17":640,"stat.useItem.143":63,"stat.useItem.148":15,"achievement.openInventory":595,"stat.useItem.145":61,"stat.jump":5940,"achievement.exploreAllBiomes":{"value":0,"progress":["Plains"]},"stat.useItem.1":1646,"stat.useItem.3":325,"stat.useItem.4":45,"stat.useItem.5":3518,"stat.useItem.53":291,"stat.useItem.106":5,"stat.useItem.107":6,"stat.climbOneCm":5056,"stat.useItem.108":190,"stat.useItem.50":327,"stat.useItem.109":20,"stat.useItem.389":133,"stat.pigOneCm":278,"stat.damageDealt":80,"stat.useItem.12":13,"stat.useItem.101":20,"stat.useItem.102":110,"stat.useItem.151":9,"stat.useItem.131":5,"stat.drop":55,"stat.useItem.135":1,"stat.useItem.134":87,"stat.useItem.330":18,"stat.useItem.174":6,"stat.useItem.138":452,"stat.useItem.175":49,"stat.useItem.331":49,"stat.useItem.380":11,"stat.useItem.49":2500,"stat.walkOneCm":7063604,"stat.useItem.46":18,"stat.diveOneCm":10289,"stat.swimOneCm":7769,"stat.useItem.47":196,"stat.useItem.45":55,"stat.useItem.44":14548,"stat.useItem.321":259,"stat.useItem.35":1710,"stat.useItem.38":122,"stat.useItem.324":109,"stat.useItem.85":74,"stat.useItem.323":20,"stat.useItem.164":106,"stat.useItem.89":503,"stat.useItem.79":7,"stat.useItem.80":54,"stat.useItem.72":9,"stat.useItem.128":152,"stat.useItem.78":260,"stat.useItem.77":14,"stat.useItem.172":390,"stat.useItem.123":27,"stat.useItem.173":1963,"stat.useItem.171":918,"stat.useItem.126":371,"stat.useItem.70":26,"stat.useItem.95":4539,"stat.useItem.156":3024,"stat.useItem.96":36,"stat.useItem.259":663,"stat.useItem.159":16901,"stat.useItem.24":4122,"stat.flyOneCm":14981889,"stat.useItem.155":25991,"stat.useItem.154":15,"stat.useItem.98":182,"stat.useItem.356":4,"stat.useItem.69":5,"stat.useItem.351":166,"stat.useItem.61":8,"stat.useItem.114":37,"stat.useItem.160":86,"stat.useItem.112":246,"stat.useItem.161":23,"stat.useItem.113":53,"stat.playOneMinute":2616242,"stat.useItem.162":753,"stat.useItem.20":484}